Continent;Salaire_moyen;Coef;Cout_Vie;LIFE_COST
Amerique du Nord;53626;1.857627823;3;5.57288347
Europe;28868;1;3;3,00
Asie de l'Est;9420;0.326312872;3;0.978938617
Amérique latine;7404;0.256477761;3;0.769433283
Asie du Sud;1725;0.059754746;3;0.179264237
Afrique subsaharienne;1286;0.044547596;3;0.133642788
Afrique du Nord;6643;0.230116392;3;0.690349176
